"reporting","AGO","ARG","BDI","BEN","BFA","BGD","BHS","BLZ","BOL","BRA","BRB","BRN","BTN","BWA","CAF","CHL","CHN","CIV","CMR","COD","COG","COL","COM","CPV","CRI","CUB","CYP","DJI","DOM","ECU","ERI","ETH","FJI","FRA","GAB","GHA","GIN","GMB","GNB","GNQ","GTM","GUY","HND","HRV","HTI","IDN","IND","IRN","ISR","ITA","JAM","JPN","KEN","KHM","KOR","LAO","LBR","LKA","MDG","MDV","MEX","MLI","MLT","MMR","MOZ","MRT","MUS","MWI","MYS","NAM","NER","NGA","NIC","NPL","OMN","PAK","PAN","PER","PHL","PNG","PRY","QAT","RWA","SAU","SDN","SEN","SGP","SLE","SLV","SOM","SUR","SWZ","TCD","TGO","THA","TLS","TTO","TUR","TZA","UGA","URY","USA","VEN","VNM","YEM","ZAF","ZMB","ZWE"
"AGO",NA,1268,161,1026,137,395,12,0,39,118481,19,3,0,2507,409,757,93384,2069,2228,2225,15432,1208,7,5229,44,9567,307,15,38,391,16,1818,4,31242,612,2624,3232,383,525,197,11,0,228,2274,4,1930,14205,63,4839,9555,12,920,3536,119,1452,14,585,276,247,134,735,1003,241,77,9489,2617,631,201,1205,508543,32,18387,21,103,109,874,456,313,11820,2,1037,179,407,192,271,1114,2174,425,5,15,1,15,122,90,3641,0,485,1914,1059,1173,214,28415,474,13913,4,108786,2718,3145
"ARG",1293,NA,8,18,19,151,3278,304,613185,3042433,693,11,0,76,5,3089193,37502,67,51,47,37,254251,0,30,21102,120402,620,12,182322,173004,1,151,73,98505,48,184,5,4,24,109,7325,174,3035,2644,1132,1012,7874,443,32857,191880,3582,18716,599,51,7334,26,18,142,56,202,347785,12,463,110,414,4,255,14,1913,223,1,557,2324,164,149,251,32908,250511,2616,16,1564913,3337,61,704,19,848,2263,12,2714,0,227,0,9,12,12472,0,1072,32960,242,185,2449640,1136614,125041,903,7,10364,141,141
"BDI",176,6,NA,388,256,186,2,0,25,137,0,0,0,78,268,3,1319,796,1600,1023,665,8,57,9,1,1,12,221,1,2,9,4154,0,2575,542,203,73,14,14,50,4,0,0,28,43,29,1280,37,193,1364,0,70,21482,11,174,3,32,22,274,4,13,464,3,8,314,56,200,131,23,56,209,337,0,125,1531,141,0,23,47,0,1,79,21090,901,590,920,26,24,0,27,2,2,348,138,251,0,3,235,6552,27062,32,2681,0,410,15,3424,756,390
"BEN",1050,15,391,NA,21274,22,1,0,0,553,3,0,0,125,8621,8,13997,67886,64873,1798,44598,134,41,200,1,53,4,45,7,7,7,1569,1,55791,60503,6432,2133,888,561,21167,4,0,0,33,195,39,2987,70,272,4296,6,331,1504,7,171,3,205,41,829,4,844,7530,46,3,159,602,98,41,140,41,4163,186577,28,4,18,87,14,15,253,0,3,109,1332,4604,120,16600,39,446,0,3,55,0,2179,31471,101,0,13,1683,437,548,5,6773,12,26,0,3728,168,104
"BFA",141,22,228,21274,NA,24,1,9,14,258,2,0,0,68,308,19,7474,44828,3567,620,1226,29,20,201,1,108,20,81,12,12,2,1950,7,57956,3087,13684,3536,324,1057,175,4,7,1,57,113,98,1159,60,554,14232,0,571,1622,17,227,14,146,18,235,0,38,18535,145,2,157,817,93,52,45,30,13259,27800,7,14,13,50,3,57,141,1,3,238,368,2620,444,21272,81,175,1,2,13,0,2218,23553,240,0,0,5763,410,663,3,11406,1,47,2,2284,174,128
"BGD",241,278,312,28,15,NA,26,2,143,1667,21,16055,15214,527,54,63,141227,477,132,133,25,85,3,6,13,22,3057,210,20,24,68,829,178,14252,33,488,26,33,3,47,10,22,18,279,55,20991,430893,7019,58,74582,25,31942,1445,1864,27692,232,280,36648,42,33271,239,351,271,12830,895,110,9592,313,551685,27,17,1057,10,42185,242711,26296,75,87,9939,1119,216,174230,199,769630,3696,141,248668,124,19,240,12,7,60,30,237051,0,151,16744,1503,2081,61,157706,68,7983,625,10757,338,219
"BHS",6,2361,1,1,0,23,NA,272,196,4701,3606,0,0,68,1,1577,3628,2,26,1,0,3882,0,2,1579,17333,65,0,3976,1394,0,12,19,9512,11,81,1,1,0,2,649,1125,557,339,1452,153,1006,0,1001,11010,30377,520,165,3,448,0,0,38,7,7,6437,0,105,43,9,0,43,15,165,16,0,2810,571,9,23,21,4435,1218,2145,2,580,50,5,209,0,15,342,3,320,0,221,0,0,3,132,0,4654,291,43,147,668,1777432,619,37,0,2095,21,9
"BLZ",8,336,0,0,6,1,337,NA,173,555,1063,0,0,5,0,221,348,0,7,0,0,1143,0,0,3806,180,39,3,348,341,0,9,19,2558,0,7,0,0,0,2,69459,270,8493,5,6,37,243,1,64,1507,1500,556,23,1,87,0,0,9,0,0,12072,3,14,2,3,0,5,3,6,4,0,66,2470,4,3,3,1360,373,79,3,53,14,0,9,0,2,30,1,6659,0,103,0,0,0,40,0,838,29,3,0,50,304992,97,3,1,92,1,4
"BOL",26,613185,3,1,12,22,271,157,NA,195184,65,0,0,1,2,504314,5023,14,32,6,24,38922,1,12,2976,8760,9,0,18465,16266,0,39,6,7919,27,16,2,1,2,25,1808,47,839,22,223,22,283,29,307,9886,196,18005,34,3,999,2,5,10,3,3,27902,4,14,3,31,1,7,9,55,7,0,9,1345,18,35,10,11418,258838,51,33,39110,63,8,65,4,38,56,5,918,0,78,0,0,1,110,0,368,169,34,58,12176,158062,9971,9,0,226,12,7
"BRA",118481,3042433,124,483,271,1296,6136,558,195184,NA,6119,16,1,391,449,857626,138551,1091,941,599,976,256819,1,11611,30722,37239,838,7,180065,55528,5,2164,160,389328,293,2899,383,34,1635,726,9493,883,5951,63260,8857,7632,43869,5085,78195,663431,3875,104119,2558,224,66294,82,118,880,456,2155,394591,307,3854,520,11895,117,1541,309,18297,1424,59,17984,6178,713,842,2027,98429,274711,18005,39,491834,5049,148,2475,418,1874,26652,85,8916,11,22480,2,89,1189,48673,0,6968,82777,1087,691,696419,3194545,165091,2118,11,56599,990,829
"BRB",17,688,0,3,2,13,4131,929,54,6181,NA,1,0,20,0,277,1148,6,6,4,0,1644,0,5,789,506,29,4,1696,230,0,14,25,1933,18,28,0,259,0,7,323,21487,241,88,794,219,2720,1,254,4904,18061,159,99,3,171,0,0,30,7,8,1641,4,102,3,5,0,43,27,119,10,0,4192,155,41,7,72,1564,422,1063,4,21,82,21,88,2,13,83,2,209,0,1768,0,0,0,100,0,79730,225,35,39,130,253211,2653,11,0,698,7,30
"BRN",2,15,0,0,0,14680,0,0,0,16,1,NA,0,1,0,2,43910,26,10,0,1,7,0,0,2,0,14,0,0,4,1,7,35,720,9,2,0,0,0,3,0,0,3,58,0,46150,10498,21,2,246,0,6870,6,1737,5216,990,0,858,0,57,19,0,9,1480,4,1,3,0,1191541,0,0,81,0,2090,526,653,3,0,76723,34,0,281,0,5344,13,0,89824,1,0,0,10,0,0,0,24089,0,20,504,5,6,0,5105,7,11418,2,107,0,0
"BTN",0,0,0,0,0,15391,0,0,0,0,0,1,NA,0,0,79,10149,0,0,0,0,61,0,0,14,0,1,0,0,7,0,4,0,1,0,0,0,0,0,0,0,0,0,0,0,0,144040,0,175,0,0,75,0,235,972,4,0,415,0,1,276,0,0,8,0,0,6,0,2057,0,0,0,0,89558,0,3,0,2,108,0,0,1,0,3,0,0,1558,0,0,0,0,0,0,0,31039,0,0,1,10,96,0,7886,0,5,0,84,0,0
"BWA",2507,78,85,125,33,547,68,3,0,299,20,0,0,NA,2,41,8376,268,293,537,135,53,81,11,20,27,169,58,2,11,91,1440,10,2827,98,873,6,30,3,27,1,7,0,40,0,104,14483,29,1309,1822,27,774,6650,24,1935,5,33,1645,602,53,571,157,60,11,3915,20,2492,2256,673,126585,31,1734,28,32,75,1068,22,42,312,4,2,239,444,115,79,231,470,56,3,1,0,13078,20,34,916,0,72,472,5431,1621,4,39375,0,47,7,1112903,10370,701414
"CAF",351,0,242,8687,408,38,0,0,3,402,0,0,0,2,NA,2,3315,1341,43422,298,11923,1,3,8,3,0,9,3,5,1,1,373,2,8403,463,233,94,17,10,4095,2,0,2,18,53,13,201,0,65,2079,7,21,894,16,12,3,34,20,33,0,6,2223,3,3,12,79,15,3,3,1,313,8184,0,12,4,46,1,19,29,8,5,8,1804,26,120,1399,4,27,0,3,0,0,268,894,38,0,0,142,69,433,3,5115,0,8,5,1251,72,66
"CHL",757,3089193,3,5,15,73,1577,161,504314,834107,299,0,79,58,3,NA,34600,27,67,19,9,469991,0,11,18757,70981,131,2,131461,73403,0,86,94,59089,10,108,29,3,0,201,5634,257,3692,1175,4440,1312,8328,304,24468,103610,6947,20831,349,4981,20161,11,3,502,46,262,174995,17,188,109,267,71,97,5,5909,92,3,5214,2582,793,36,425,30515,1344441,2521,11,43383,602,21,266,8,94,6306,3,4469,0,195,0,10,9,3608,0,600,18640,196,39,91073,495671,60878,369,1,5087,135,37
"CHN",93384,31957,1513,13997,7474,140686,3628,354,4681,138551,1148,43910,10149,7488,3315,34600,NA,9184,20093,16692,22381,47592,305,496,15342,36505,13050,2969,4928,26922,471,73307,44443,2683930,9270,19854,7586,241,174,7790,915,1041,5218,106855,229,1805462,936812,203131,123054,708855,9816,7491346,54244,737167,12085035,537572,1849,272842,13291,366362,166189,19793,4141,2247050,16010,4127,110155,2995,2751969,13749,5983,254585,2042,117646,18982,149117,25904,35708,1494849,11686,2239,45671,8107,150376,32332,10140,3011433,2458,3249,142,5349,2659,11300,3503,8622890,6390,5308,399724,48484,32178,3604,4677133,51628,3941674,21979,150142,28036,10522
"CIV",2022,56,843,64975,42474,529,5,0,25,1102,4,10,0,265,1207,16,8354,NA,30953,4359,9221,220,142,551,43,34,210,223,23,60,69,2880,13,156238,22800,50186,18866,966,1235,878,19,1,68,641,101,606,7667,285,1618,21342,56,949,4809,36,1312,34,7191,133,1207,47,137,39469,257,74,744,2967,840,205,884,301,12019,45699,15,60,75,883,25,65,2544,3,31,261,887,2718,471,48143,979,5407,36,24,14,1,3776,29639,742,0,43,5476,1258,1601,23,21312,47,351,23,10726,796,656
"CMR",1713,81,1378,63459,3507,111,14,18,42,1050,5,12,1,275,44082,55,19230,33010,NA,12854,65646,92,156,87,36,60,719,157,36,104,19,4755,9,151891,90668,7305,1283,413,226,30249,6,15,68,337,107,480,4685,331,1469,13842,9,987,7847,48,1614,7,340,141,1008,14,325,3761,197,37,885,722,481,178,558,319,2205,41077,7,24,180,427,26,80,1813,16,8,625,2303,2133,624,13268,631,306,4,11,20,2,47650,5916,2061,0,140,10004,1626,2034,21,35811,53,868,36,12079,634,655
"COD",2307,37,1033,1771,594,135,2,0,12,848,2,0,0,575,236,19,15978,3918,12449,NA,11530,110,25,10,6,34,176,38,12,7,10,4334,4,49387,7234,1621,710,79,69,106,5,0,1,41,97,307,17312,93,1427,5259,0,821,9496,40,734,6,107,31,639,12,36,863,25,21,573,262,665,213,129,497,489,2905,4,69,125,793,4,169,812,2,8,51,2030,99,445,2326,129,82,1,12,1,1,756,865,587,0,3,5531,2730,4043,65,15257,4,130,5,47820,2780,2704
"COG",15432,20,769,42338,1475,42,0,0,20,1005,2,3,0,161,12620,20,22381,8936,67203,11335,NA,161,61,258,6,285,66,43,4,13,39,4842,17,108977,61978,1763,1213,60,77,885,7,1,82,933,13,919,3632,53,758,8531,0,109,2619,4,282,8,94,20,553,1,114,24243,65,48,397,1902,518,127,2371,525,651,47897,4,54,13,282,5,103,2276,5,0,59,1358,245,185,9828,582,159,0,0,0,1,2095,1817,625,0,116,2059,1411,567,10,5727,64,126,19,12976,396,525
"COL",1208,250908,17,134,22,82,4071,1100,38922,256819,1554,2,61,53,5,538025,47592,232,93,108,155,NA,0,19,96727,55133,130,10,112133,499836,3,298,37,56609,133,254,19,4,16,222,52185,948,24414,710,1919,616,10786,415,18676,96466,5541,12814,745,2918,12720,24,14,528,33,480,642688,97,987,87,138,20,99,19,2612,46,0,3139,20247,79,361,101,450692,312728,4564,57,21199,368,40,1310,18,122,4860,5,39760,0,2467,1,71,12,1457,0,6895,23288,557,241,18574,2072069,519815,304,2,3318,92,61
"COM",1,0,30,41,20,1,0,0,0,3,0,0,0,54,1,0,328,120,119,19,45,0,NA,4,1,0,2,53,0,0,2,144,0,22090,5,28,2,1,0,2,0,0,0,13,1,1,583,8,0,87,0,15,19106,3,14,0,0,321,14859,2,0,35,2,4,70,21,483,26,17,10,13,12,0,19,79,118,0,2,109,2,0,165,93,812,220,320,2,0,0,0,7,0,5,13,32,0,0,52,8892,379,1,179,0,0,1083,487,136,57
"CPV",5113,30,14,203,262,3,0,0,3,10189,2,0,0,5,11,16,829,694,104,26,198,18,4,NA,12,483,5,4,24,13,0,180,2,52808,58,456,111,2497,4351,245,1,0,4,62,0,213,204,0,38,11182,4,39,116,3,15,2,48,79,13,1,359,82,21,2,438,155,73,14,9,41,147,633,6,2,1,3,14,56,170,0,2,27,13,9,8,21678,48,49,13,0,0,0,34,165,38,0,3,161,31,11,8,20650,2,17,0,872,21,30
"CRI",44,21469,1,3,2,12,1851,3725,2926,30722,858,1,14,20,1,18757,15342,45,45,9,6,97700,1,5,NA,22056,42,3,53853,18522,0,31,24,39922,8,67,3,8,7,14,148692,561,62453,168,949,179,7673,30,17920,45477,4008,3060,161,485,5035,6,10,18,7,56,224855,8,101,13,42,1,53,14,925,58,3,109,614318,19,26,18,243039,43593,917,10,2183,181,73,191,3,61,313,17,98164,8,337,0,1,5,454,0,3140,1071,724,148,4038,1568336,40078,144,0,1548,35,21
"CUB",9567,116438,0,44,134,19,18591,130,8332,34786,528,0,0,30,1,70724,36505,34,44,12,196,59863,0,492,23814,NA,180,89,46307,86465,11,98,93,138971,110,169,113,503,25,308,10217,2811,3617,1519,7217,288,6049,1510,13627,137970,5512,9627,117,10,7838,17,2,67,24,43,377176,97,153,25,1103,1,33,4,791,228,35,258,7595,29,43,297,62427,39918,443,0,6460,461,3,453,8,97,223,3,9677,1,1414,4,29,11,201,0,5305,11270,119,47,18332,249460,139867,1244,27,4386,49,149
"CYP",300,548,5,3,12,1078,107,45,5,812,42,14,1,96,10,117,12357,155,541,117,52,110,11,3,36,217,NA,36,391,43,2,350,44,50808,56,327,16,6,1,30,28,1,21,2521,30,782,7887,19938,187261,79491,105,1854,1117,63,831,14,10,6011,8,298,512,28,10714,253,48,3,365,36,900,96,6,4737,9,1448,1996,4792,158,102,7277,47,7,6804,49,10031,352,213,2296,18,1,39,12,1,13,8,3899,0,53,1813466,374,202,28,32525,106,3903,36,5448,340,606
"DJI",7,7,188,40,67,196,1,2,0,21,3,2,0,48,7,3,2555,197,111,37,33,20,75,2,1,65,76,NA,6,8,27,25026,2,10275,66,71,5,9,6,6,0,0,0,33,1,179,2743,347,64,1789,1,819,8155,6,104,0,18,768,209,125,6,55,15,39,42,39,116,22,1659,19,60,86,3,148,238,1095,2,7,917,0,0,2509,152,8150,1306,347,150,2,1,78195,0,0,92,57,190,0,7,4062,709,1029,4,16076,0,6,4829,1561,124,83
"DOM",37,175560,0,12,13,18,3853,337,17052,171446,1625,0,0,1,1,135218,4928,23,32,15,4,106292,0,22,52917,45550,371,2,NA,35451,0,24,10,298795,4,86,10,0,1,120,17731,4637,6170,368,1082,434,1172,19,2394,125054,33230,2625,93,6,1927,6,7,22,6,3,66192,12,66,43,15,4,473,2,77,953,1,117,10863,20,18,122,62787,53634,1716,3,14172,99,19,50,14,41,139,2,6724,0,4404,0,4,9,1426,0,7506,7196,23,42,21005,3958976,174134,84,1,830,21,11
"ECU",391,176965,2,2,8,16,1636,400,16266,56155,306,2,7,11,2,72649,26922,25,72,9,11,499836,0,2,17367,86465,27,5,33414,NA,0,86,44,16987,10,106,2,0,8,90,8907,267,5940,175,4328,236,11141,388,7328,43388,1804,6895,141,577,6589,10,11,27,14,114,88785,27,70,13,35,4,44,4,1385,2,1,131,7585,17,98,123,131243,421350,966,17,4933,209,42,2183,10,690,345,2,9844,1,290,0,4,10,291,0,939,1198,1968,34,6517,936406,126670,83,18,1501,14,16
"ERI",13,0,11,14,2,65,0,0,0,7,0,5,0,32,0,0,602,78,21,9,45,1,3,0,0,8,0,57,0,0,NA,249,1,330,20,195,4,4,1,12,0,0,0,3,3,129,773,205,100,6074,0,32,2121,0,13,9,3,89,23,9,1,28,9,1,22,19,16,7,17,35,12,105,0,98,110,145,0,3,102,0,0,3091,101,17912,7317,37,14,3,0,4,0,0,17,13,121,0,0,920,243,2515,0,8299,0,9,13747,1224,121,243
"ETH",1492,157,2119,1231,1879,771,10,6,39,1978,8,33,0,1362,307,92,73307,2480,3922,3430,2911,328,170,154,32,117,298,21643,41,57,161,NA,29,22394,1981,6710,315,280,117,1396,27,13,12,167,26,586,43255,730,19778,37108,30,3279,104524,194,5132,33,435,677,783,46,290,5708,298,85,5426,193,920,3378,1239,1182,1935,38403,14,281,13131,1418,91,295,1084,40,16,18353,7294,151980,112347,3493,959,492,11,6229,3,33,2624,1665,15873,0,34,14881,16618,18555,36,153896,36,313,12408,26509,5632,4200
"FJI",5,89,0,3,3,172,20,11,4,210,30,25,0,7,8,133,44443,14,11,1,15,45,0,1,30,84,36,1,20,60,1,35,NA,1601,0,53,4,5,1,18,23,4,2,31,15,3642,6410,22,307,2784,45,8203,131,182,9946,30,4,800,12,33,162,5,23,95,9,2,44,10,1278,11,2,101,13,128,29,302,49,97,2716,13257,3,68,19,109,9,5,3472,3,26,9,1,0,0,1,1905,0,32,115,28,72,28,75753,16,567,0,422,21,28
"FRA",31051,98992,2421,56338,61584,14276,7202,1144,7203,403444,1719,758,6,2811,9915,64467,2683930,157076,155461,46335,112585,57540,26941,53950,38691,138993,50441,10211,221432,17098,293,19480,1191,NA,78631,13918,40827,2274,2556,4596,13560,310,2212,269328,30485,153204,373460,77933,659951,14077361,3690,896349,26319,64867,291678,16630,1075,106944,112201,41088,613598,101744,185340,28354,4493,20812,256378,871,94079,14414,24808,36089,6197,19970,36646,47279,40352,72481,58053,873,4908,78855,4620,148608,5883,319469,155844,2416,2113,375,387,36,21661,41860,520911,0,1663,1029799,32535,5557,17837,5374973,16408,178629,1284,137687,3054,3905
"GAB",773,54,498,65133,4031,19,9,1,32,357,25,11,0,91,350,15,9175,20461,89016,7490,61676,167,5,54,13,128,36,58,3,14,26,3354,0,76704,NA,3977,1340,46,66,3244,11,3,22,344,10,672,2868,10,620,4284,72,286,1688,17,477,2,38,97,764,3,139,13117,352,25,222,824,573,44,1334,128,862,20584,4,12,53,122,9,26,1883,3,0,125,755,581,74,17712,345,62,1,2,1,1,2318,13707,336,0,74,4888,524,366,5,7367,93,35,7,18774,271,190
"GHA",2431,212,214,5985,13643,359,93,12,36,3528,51,10,0,911,173,121,19742,47775,6885,1616,1483,231,21,377,54,234,351,62,83,102,179,7485,55,13595,3285,NA,2591,8276,721,2688,16,27,51,613,88,636,12065,363,4786,32565,120,2384,17749,69,2395,16,26702,407,467,44,340,5804,497,86,1117,1157,1029,846,1745,1047,2084,431921,13,188,301,744,134,264,2012,42,30,4304,2147,8774,1800,23929,1450,16177,6,34,233,10,939,4681,1183,0,199,8919,3348,5043,35,109273,70,249,29,50166,2760,2602
"GIN",1103,4,76,2133,3536,34,2,0,2,626,3,0,0,4,95,39,7586,19893,1082,742,1213,19,3,45,2,100,9,2,7,2,5,348,0,42001,700,3223,NA,320,407,72,0,0,0,14,5,230,1326,54,172,2127,1,156,241,11,184,4,200,16,96,0,658,8020,18,9,269,1749,15,34,447,10,883,4366,9,16,9,32,1,14,61,0,0,264,80,291,20,57988,21,1253,8,1,3,0,234,2267,244,0,0,1537,397,201,5,9204,0,91,0,1946,41,44
"GMB",333,4,15,907,407,34,0,0,1,48,118,0,0,17,15,2,312,1107,449,67,69,2,1,149,7,361,10,13,0,0,4,336,6,2583,58,8528,105,NA,194,25,0,0,3,14,7,26,943,20,109,1588,11,12,588,11,101,1,559,13,10,0,2,25,31,0,37,569,40,26,79,37,186,41359,0,3,26,76,3,5,97,0,1,191,70,610,202,51581,55,2235,1,17,0,2,31,227,54,0,8,826,159,228,7,9394,17,1,0,872,73,128
"GNB",1092,21,6,490,1139,1,0,0,2,1840,0,0,0,3,13,1,216,1507,229,162,75,18,0,4210,1,26,0,6,2,2,0,123,0,2770,156,822,503,221,NA,45,1,0,2,18,0,7,283,5,10,1603,0,12,134,0,25,0,79,1,13,0,4,481,2,4,138,139,4,3,0,3,369,683,0,7,0,13,2,3,10,1,0,22,27,165,22,24195,63,82,0,0,0,0,34,1039,11,0,3,207,16,69,13,514,0,32,0,157,11,23
"GNQ",218,73,62,16440,146,55,0,0,19,878,7,1,0,27,4035,183,11610,806,30054,118,719,228,0,141,13,301,48,12,103,65,3,1738,17,4852,2810,2747,99,25,33,NA,17,0,32,179,1,174,2191,28,1146,1595,2,20,376,3,1184,0,22,26,97,0,175,319,25,10,102,96,35,5,490,52,99,3668,9,27,8,111,13,194,4212,0,109,56,50,21,36,1026,284,17,13,0,0,3,434,1011,425,0,183,833,132,90,187,10782,111,157,0,2105,140,148
"GTM",12,6798,4,3,3,11,730,69459,1774,9104,334,0,0,1,0,5895,1095,14,10,5,9,52500,1,2,139055,9742,16,0,18790,9426,0,25,24,12149,11,27,1,0,2,13,NA,194,223370,67,1006,53,758,24,2340,6739,1359,1527,82,21,1527,0,1,27,3,0,224048,4,64,10,18,0,8,9,61,5,0,41,78924,18,18,9,62689,11737,336,1,1508,52,5,34,0,29,115,5,1261652,0,123,0,0,0,205,0,1194,315,26,44,1755,794253,4290,32,0,230,20,2
"GUY",1,169,0,0,4,27,1373,286,53,901,21857,1,0,4,0,231,1050,2,2,0,1,771,0,0,472,2596,3,1,3344,245,0,12,11,310,4,32,0,0,0,0,173,NA,75,16,408,115,524,0,29,101,39177,55,20,2,28,0,0,7,1,1,591,0,23,2,0,2,11,1,79,0,0,59,316,0,1,13,1839,3632,464,4,33,12,1,42,0,3,27,0,104,0,2035,0,0,0,24,0,78634,56,6,6,52,158436,6315,4,1,81,7,7
"HND",22,2973,0,0,1,21,542,8637,816,5951,281,4,0,0,3,3692,5218,77,76,4,50,23038,0,0,62453,3617,4,1,6553,5940,0,11,1,2165,9,50,0,0,2,33,223370,71,NA,51,243,36,988,0,1377,5420,654,678,29,7,2666,0,4,21,2,2,40015,1,42,13,23,3,27,2,289,19,0,116,397044,5,6,5,33930,5083,222,2,578,90,4,20,4,13,267,1,362819,2,28,0,2,0,60,0,445,269,5,17,759,570809,2317,19,0,279,7,2
"HRV",1126,2508,37,25,55,265,356,7,14,63260,103,68,0,41,24,1063,106855,667,333,40,821,638,21,61,174,1523,2515,37,388,158,7,184,19,268701,296,661,13,14,12,156,51,13,36,NA,25,2811,7836,1490,47751,1296747,116,162213,554,81,350083,32,42,989,78,521,2403,77,5338,150,92,36,286,11,2239,322,12,1838,25,214,1881,1243,669,422,3096,133,49,5162,90,4524,216,163,7293,44,20,10,75,0,39,173,5593,0,541,62445,532,123,398,337456,141,900,11,13025,79,51
"HTI",3,1115,82,96,103,78,1596,8,271,12463,800,0,0,0,63,4966,299,175,117,83,8,1931,1,1,971,6940,25,0,1204,5039,2,30,16,31492,7,54,34,5,1,0,1030,233,252,38,NA,37,259,2,79,1987,3663,232,159,8,335,0,13,55,37,5,2945,101,16,3,4,10,10,9,14,1,77,41,743,87,2,46,3695,734,433,8,118,30,124,5,10,214,25,1,723,2,2561,0,18,21,91,0,1054,118,69,169,184,679621,1108,251,2,108,13,8
"IDN",1502,942,21,36,119,12163,86,11,243,7582,243,44965,3,86,10,1249,1805462,664,634,325,771,664,4,127,182,278,808,142,581,252,130,535,4944,137578,749,608,386,28,14,168,38,112,26,2622,41,NA,354541,7765,1623,92080,113,770907,2038,49116,581063,8227,150,34801,267,3396,1806,223,1198,55318,681,244,3271,106,5444205,527,40,4586,30,4127,20423,7055,898,1323,321808,9294,39,47620,162,1101340,3195,738,4814179,118,14,20,364,0,132,60,845976,0,728,30003,1093,781,1330,372136,168,112405,10099,25092,368,336
"IND",13469,6558,1454,2987,1154,446889,954,239,357,43869,1999,11646,141976,14618,201,8328,936812,7629,4753,15694,3378,10786,548,225,7673,6049,10596,2630,1584,11141,1098,43255,6410,388994,2929,12112,1340,858,337,1897,826,787,988,7121,244,354541,NA,123328,89451,361516,2810,323495,107492,40563,256595,6713,2784,827035,6009,169033,66388,2109,5835,115033,20446,1148,118493,9392,1138834,2292,989,187683,1875,537201,1307100,43449,8147,7930,122736,4364,575,1137093,13667,3424423,25420,4573,1567237,2678,963,735,1044,5645,1210,2475,1437698,0,5417,145128,64167,42103,1301,2823453,3199,67534,27268,141943,29029,8223
"IRN",44,262,29,56,81,7224,0,1,63,5085,2,15,4,27,0,304,199937,310,652,74,54,415,3,0,26,1510,20279,273,14,388,208,755,28,81031,16,472,51,23,8,26,4,1,1,1520,0,7452,123328,NA,236,104211,0,21005,2016,252,16441,29,9,7916,37,2391,3927,199,356,341,87,64,1325,5,82310,26,121,5498,27,3063,52243,55508,88,52,91335,10,28,43753,71,616769,4016,278,13429,49,2,677,5,0,41,13,95955,0,7,2159384,3000,689,50,184573,1373,2268,607,5728,99,573
"ISR",4839,34454,204,272,545,61,1001,78,271,78195,254,3,175,1329,80,24468,123054,1653,1193,1411,758,18676,3,46,17920,13627,184681,84,2414,7328,2086,20612,256,644344,536,4760,172,113,15,1125,3395,27,1377,47751,106,1252,89451,185,NA,541391,1058,31913,9515,9802,35040,4437,292,12254,406,3917,63022,114,24374,2210,557,12,1301,154,5532,1055,99,22314,3049,6770,182,71,12945,17543,23107,647,1482,1165,2113,334,286,673,25481,186,1447,3,133,995,263,404,154126,0,646,291469,15541,3799,6760,1269670,2588,12427,6,42249,1419,4079
"ITA",8969,198309,1238,3953,13284,66608,5913,628,10437,663431,4104,277,0,1403,1020,103610,703658,18723,12197,4397,7870,96466,77,12028,45477,124708,80087,1693,123137,47041,5499,23813,598,14077361,3792,30094,1904,1488,1444,1321,8315,123,4904,1296747,1801,89216,386158,96711,526537,NA,5059,525115,61834,7217,313048,2158,654,104853,7492,58135,330355,4519,696327,10789,7577,1488,43665,1548,74521,6685,1205,59051,4808,9488,30171,89354,36290,84616,119802,421,6048,55561,2421,115288,6101,103487,97395,1345,7138,1189,708,8,1886,3550,263256,0,1499,906450,48171,8712,18465,4198782,77228,31600,1047,117604,4257,3318
"JAM",9,3248,0,4,0,29,27976,1500,181,3609,16960,0,0,39,5,6889,9816,64,1,1,0,5520,0,5,3827,5669,80,0,9384,1804,0,28,36,4410,74,102,1,8,0,0,1428,38227,729,102,3465,121,2810,0,1058,7279,NA,1597,163,2,1160,3,7,81,50,6,10564,1,86,77,6,2,59,9,79,88,0,414,535,14,12,16,9256,2349,1348,35,289,173,5,410,2,16,163,4,754,4,1834,0,0,7,144,0,28235,708,48,63,941,2270645,1260,24,0,794,37,47
"JPN",1017,17839,90,371,530,31490,599,496,18005,104119,152,6870,109,623,25,20831,7491346,989,1012,828,93,12814,6,37,2922,9338,2293,614,2362,6895,71,3235,8612,896349,353,2433,159,19,10,15,1843,51,608,162213,219,778627,319062,21373,31913,525115,1674,NA,8971,203474,8016664,48111,45,60675,1022,38917,155547,163,11873,107107,1141,187,1802,720,789016,519,84,15791,842,53461,3392,18479,1783,58512,922290,4197,1853,17836,1048,23763,1395,1459,1176972,78,4325,13,102,1,52,97,2372101,0,648,109502,5077,2966,871,4791555,5900,856774,118,27695,1822,866
"KEN",3670,483,18966,1500,1521,1667,187,19,43,2478,64,47,0,6828,970,209,53287,4978,8115,10320,2611,731,20162,100,145,153,1491,8061,88,157,2115,96072,144,27534,1594,15771,233,556,106,270,83,13,22,528,151,2124,111911,1958,9550,120834,172,9176,NA,435,9279,49,1945,3231,8293,615,1055,1852,682,397,21033,184,10847,14295,4852,3045,922,32032,71,1037,8813,7263,192,412,2927,126,36,21974,57794,43043,16435,5528,3328,1362,37,76957,14,49,1668,737,12372,0,90,19413,278419,209123,118,153985,255,1335,5938,120808,28362,15347
"KHM",40,48,10,11,21,2933,1,1,2,254,4,1638,235,18,22,4981,737167,21,37,42,7,2918,4,0,485,12,52,7,2,577,1,199,145,74241,19,64,12,6,4,3,13,2,3,82,8,49116,40563,294,9802,10470,1,203474,381,NA,421059,425984,6,3688,61,1342,7227,45,43,28988,115,6,84,31,351067,28,9,758,8,2253,114,804,24,19,88180,142,5,1698,38,1188,76,95,281645,21,4,2,1,0,13,3,1052686,0,0,2167,889,284,12,220881,3,1214866,12,5396,112,53
"KOR",1977,6773,176,150,222,28822,448,81,1131,66294,171,5216,972,1935,8,20161,12127623,1539,1513,725,205,12720,19,14,5035,7838,829,95,1927,6589,15,5252,9946,310857,394,2672,143,90,10,954,1601,24,2666,350083,402,581063,256595,17644,35040,233052,1160,7979588,8335,421059,NA,171379,105,35549,995,34832,109503,387,1972,122651,1298,109,4385,1006,674680,851,77,12614,3161,39706,3068,16908,6098,26962,1966939,2049,6131,14867,1967,42289,1484,1388,737235,146,1337,39,66,2428,178,145,1832279,0,900,248886,5849,3655,983,2532484,4325,1481853,832,31217,1819,5766
"LAO",2,17,3,2,10,213,0,0,1,56,0,990,6,7,8,8,537572,34,6,6,8,18,0,5,7,15,11,1,5,3,12,50,40,14152,2,18,1,1,0,0,2,0,0,18,0,8227,6713,21,4437,1139,2,48111,47,425984,171379,NA,1,509,25,124,16,14,14,7696,10,0,9,5,48543,0,1,18,3,494,16,184,6,19,17940,493,0,110,14,29,10,11,33239,3,0,0,0,0,20,4,3551873,0,2,90,29,31,7,64592,2,1301946,0,187,9,15
"LBR",561,25,20,195,120,306,1,0,3,136,4,0,0,20,31,4,1688,9212,317,119,85,11,5,36,7,14,14,18,4,11,7,405,6,1221,59,28267,159,565,74,25,3,0,2,44,8,167,2482,11,266,658,3,50,2141,21,84,0,NA,71,16,0,35,152,18,7,36,26,5,37,226,33,104,17165,2,124,1,493,3,19,214,1,6,123,81,18,111,3937,33,7484,5,8,1,0,31,257,181,0,12,1044,252,701,5,20470,2,16,0,1897,147,306
"LKA",253,135,19,40,17,36393,47,8,42,919,21,838,415,1652,18,502,272842,140,128,26,14,528,270,43,19,53,5816,801,28,51,72,795,711,98313,108,358,28,25,9,25,45,5,15,890,78,34801,800801,8662,12660,102734,107,65305,3251,3595,32227,514,78,NA,3578,201398,246,22,534,6858,1274,36,1284,399,181209,76,17,1637,6,50168,45258,29682,103,84,16597,631,8,181482,315,235404,1888,187,187295,19,7,121,6,1,8,38,149900,0,31,6636,1474,1517,20,65969,42,12280,318,6822,446,122
"MDG",228,47,262,829,210,57,7,0,7,335,16,0,1,547,46,41,13291,1025,893,625,492,33,11860,12,17,7,23,172,7,14,19,847,20,115469,736,478,96,7,15,82,4,0,1,40,68,282,6456,43,429,8129,38,1076,9141,70,1050,27,16,3691,NA,15,96,267,27,14,1306,71,39861,210,439,256,198,1564,11,57,71,699,19,32,1508,10,12,128,576,771,124,1238,393,21,2,24,1,2,248,144,6079,0,3,514,1560,673,7,6437,6,124,2,19965,854,764
"MDV",134,356,4,1,2,8341,7,0,0,1202,8,38,0,26,0,262,366362,27,15,4,0,480,3,1,56,43,221,122,1,114,10,42,22,46450,7,54,2,0,0,2,1,2,1,549,1,3270,161779,2391,4329,78908,6,30405,266,539,33259,80,1,135389,15,NA,1460,1,286,1606,51,0,561,8,26892,34,1,380,10,1310,4245,3235,113,15,1538,9,19,7732,24,20251,440,16,91733,0,27,19,6,0,0,0,60919,0,57,11582,126,53,29,29583,5,2223,94,4208,23,31
"MEX",735,345107,18,844,26,215,5994,12072,27902,394591,1566,10,276,571,6,174995,166189,150,229,38,94,635558,0,490,222791,364637,522,11,66634,88785,4,283,142,613598,98,252,658,7,8,154,224048,547,40015,2561,3034,2018,66388,3927,63022,330355,9614,155547,979,7227,109503,8,32,234,96,1460,NA,62,741,221,103,39,342,47,10287,752,11,9549,35254,1834,269,336,142302,236073,15511,48,34969,826,478,6938,23,233,16684,110,78039,1,365,0,31,58,4520,0,6586,36807,2502,391,50423,43611548,142907,1132,6,9938,115,1792
"MLI",1492,16,423,7530,18349,366,0,1,9,474,6,0,0,157,2223,7,19793,41244,3454,907,20630,97,51,72,8,58,35,54,12,27,29,5708,4,105019,8755,6776,7969,117,381,255,2,0,1,76,68,177,2109,199,120,4718,3,170,1906,91,387,10,106,18,296,1,62,NA,132,2,1014,8619,94,189,283,135,11941,72182,5,111,26,149,67,49,177,1,4,116,1327,12595,252,65109,46,256,10,8,4,0,1637,5770,466,0,0,3488,1111,1021,20,10256,163,50,7,8245,409,356
"MLT",217,392,4,43,125,196,94,10,7,3405,104,15,0,69,6,186,3867,198,181,22,63,818,1,4,97,159,10149,20,65,59,7,233,21,189784,287,490,13,41,1,22,66,18,62,5408,10,1140,3957,286,24374,696232,56,11279,580,57,1603,9,9,563,46,205,645,102,NA,134,108,33,344,38,909,96,69,937,53,133,467,456,97,234,6717,43,5,611,18,1187,253,173,1966,31,8,13,22,0,44,17,2600,0,131,27657,227,127,49,31877,165,456,33,3289,65,45
"MMR",38,39,7,9,0,12151,34,2,2,489,2,1451,18,12,4,85,2247050,72,42,30,34,64,3,1,6,26,267,38,77,34,4,95,94,27175,9,76,13,0,2,2,23,1,14,127,8,55318,115033,254,1657,10546,84,107107,407,28844,122651,6887,11,7042,16,2448,247,1,149,NA,65,2,163,33,208320,18,1,156,26,2117,349,1494,604,106,26108,190,5,3644,17,1443,73,52,451266,6,2,4,6,0,1,39,1867634,0,79,1117,128,110,58,75686,79,58742,40,1359,21,26
"MOZ",8984,364,218,123,154,810,11,3,41,11757,2,5,0,3755,12,291,19758,657,901,593,401,115,93,375,49,1109,39,35,18,37,21,5541,11,4926,224,1079,296,27,132,63,14,5,24,88,7,629,21635,79,553,8356,10,1711,20308,118,1520,14,37,1190,1489,59,127,790,97,85,NA,29,2154,277816,631,2185,49,3802,28,145,115,5786,33,170,2080,2,59,1795,840,2347,428,1129,766,62,8,64,0,204023,60,92,4704,0,18,2353,14749,2176,83,47212,35,1848,13,2245657,5313,283975
"MRT",3343,8,57,641,865,116,3,0,0,170,0,1,0,28,187,45,4705,3112,691,267,3593,21,19,163,1,3,5,52,6,6,22,212,0,20866,975,1158,1817,818,77,122,1,7,4,41,6,194,1210,76,17,1673,4,155,207,7,112,0,27,27,52,3,47,9119,44,5,28,NA,92,6,342,11,1389,194,2,16,97,317,9,17,945,0,0,1967,103,9121,585,38282,70,30,2,7,4,0,408,329,150,0,4,4396,91,99,2,4505,4,17,52,1088,114,43
"MUS",567,383,235,100,84,8189,35,4,15,1134,50,7,6,1963,8,111,110155,789,468,721,500,99,564,52,53,14,323,106,506,44,14,899,58,277160,540,995,21,33,4,35,10,9,9,280,20,3557,114545,1252,1301,54330,26,1786,9725,125,4385,7,5,1651,38524,674,342,94,265,165,2046,95,NA,490,17092,1145,28,1845,13,391,390,1895,45,54,2131,7,48,726,497,8290,94,478,10518,12,1,13,30,10,63,115,3633,0,75,2683,2429,1314,38,12160,1,941,7,171881,2053,2836
"MWI",218,16,162,36,64,119,20,2,3,303,2,0,0,2403,6,5,3187,181,201,181,105,20,2,8,17,2,44,24,3,3,8,3492,4,877,61,869,11,30,3,7,2,0,0,12,8,103,9271,8,175,1752,12,884,14940,32,1038,6,38,402,232,21,47,123,99,37,277816,10,645,NA,206,881,23,1660,12,61,74,1079,7,59,132,7,2,74,929,691,475,331,179,112,0,15,1,40,10,61,435,0,4,460,22217,3053,1,12967,1,88,9,62761,20948,417138
"MYS",1168,1763,26,140,41,503190,165,4,36,18297,119,1191541,2057,673,3,5909,2751969,950,627,142,1283,2612,21,6,925,791,932,579,72,1385,12,1274,1370,84558,1628,1690,447,53,0,409,74,82,289,2120,6,5487496,1120756,80384,5532,74521,71,789016,4513,348084,672013,48543,173,183105,439,26892,10287,283,787,217923,625,322,17092,177,NA,486,34,22402,196,306583,40666,131352,715,3613,710731,6488,156,41303,247,384664,15135,549,14101831,90,206,404,453,16,145,41,4751122,0,774,83602,3947,2074,165,318352,284,725933,25871,27222,864,2498
"NAM",508543,212,64,35,44,28,23,5,5,1365,7,1,0,126585,3,90,13749,297,297,506,509,40,11,45,63,306,120,24,930,2,34,1237,8,11521,113,957,13,31,3,50,7,1,23,297,1,560,2397,27,929,6100,92,597,2920,30,916,2,44,88,279,48,847,177,98,26,2253,14,1494,791,428,NA,32,1299,20,41,32,240,7,80,1069,4,8,150,260,78,295,301,680,81,13,11,0,34,34,35,854,0,40,1293,2387,948,34,26465,42,98,0,564378,6601,80903
"NER",29,0,196,4098,13493,5,0,0,3,63,0,0,0,32,343,0,5899,12386,2379,551,645,3,12,121,3,40,7,65,1,0,8,2442,3,24691,774,2227,898,207,347,57,0,0,0,4,83,34,1003,113,114,1216,0,95,1000,8,80,1,175,9,189,3,10,12858,61,2,55,1305,37,29,33,28,NA,4969,1,12,11,77,2,28,23,0,0,93,449,5113,596,13187,33,143,0,0,0,0,3110,4701,86,0,3,3871,137,485,10,8092,4,24,8,785,95,68
"NGA",18479,608,303,186577,27800,1049,2810,93,12,17984,4192,131,0,1734,8184,5214,254585,45484,41757,3167,47897,3139,15,413,141,316,5925,103,140,182,85,38403,109,38072,19212,436982,4366,41359,548,3659,54,63,118,1873,70,4868,187683,5498,22314,64191,456,15791,33184,849,12614,26,16334,1637,1564,429,9549,72182,1109,211,3754,236,2065,1777,22402,1380,4878,NA,17,270,1581,4159,1063,298,12477,71,1531,8282,6424,139136,13195,38399,3774,23155,27,25,43,20,2839,86091,6446,0,7259,33055,15545,9213,111,494202,4543,2936,66,171661,5151,11577
"NIC",21,2349,1,28,8,13,519,1939,1415,6336,173,0,0,28,0,2582,2042,5,12,5,0,15176,0,3,614318,7329,8,2,10778,7585,0,18,22,5985,1,10,0,0,1,5,78608,103,397044,41,711,22,1875,25,3049,4717,463,866,75,13,3161,1,3,9,11,10,35849,7,34,25,25,1,13,3,196,19,1,8,NA,5,4,6,68042,6268,136,10,612,31,18,47,0,19,158,4,183963,0,94,0,0,2,102,0,327,202,195,25,826,484220,13256,19,0,486,15,1
"NPL",83,193,131,9,14,42620,4,4,22,734,14,2324,90775,21,9,793,129458,57,27,55,101,69,7,1,21,19,3136,104,23,26,91,253,80,21563,18,195,19,2,7,26,15,14,2,241,73,3974,529980,3085,5931,10777,10,76232,1031,2143,42147,518,126,50168,43,1801,1834,49,315,2447,115,14,465,52,357475,39,18,258,8,NA,14508,4317,18,86,5120,127,28,202085,133,216567,1085,107,21123,36,0,389,7,0,7,2,76737,0,30,10024,755,732,13,90428,15,3008,73,3365,174,64
"OMN",89,129,938,44,17,200458,19,5,33,750,8,532,0,71,3,58,18982,90,213,157,10,399,96,0,32,55,2049,257,19,115,112,24449,29,38537,51,284,7,20,0,10,13,2,15,1831,0,30880,1232921,52243,144,28622,19,2946,6266,142,2998,34,2,43883,51,5245,269,32,454,368,119,103,424,168,42632,37,7,1029,8,12023,NA,313776,62,94,30300,0,4,101929,510,173312,12965,159,7802,21,3,434,7,0,62,4,99735,0,60,35010,30854,2357,19,75495,404,1254,52039,8805,82,108
"PAK",704,215,184,222,49,26696,18,4,21,2598,80,787,5,1061,71,333,157984,978,417,884,267,99,193,5,15,81,7054,1030,96,77,136,1353,259,46122,135,759,27,72,12,103,10,3,8,565,26,8506,37833,47492,46,108321,23,20559,7876,698,16918,154,451,31329,782,3786,381,132,554,1934,4466,354,2111,1338,147398,216,74,4148,6,4447,343521,NA,83,73,8599,45,21,185466,323,3166436,8123,502,27591,216,5,484,7,16,138,142,132393,0,136,67941,8376,3706,70,293295,27,3364,1491,26597,1316,1016
"PAN",456,44894,0,20,3,74,4259,2720,13112,98429,1549,3,0,22,1,30515,25904,19,19,2,2,468423,1,15,218625,47476,104,2,55744,132793,0,58,50,44399,7,111,2,2,4,12,64000,1627,33930,756,3376,785,8147,88,12945,36290,8489,1868,190,25,6098,12,5,111,16,113,135195,67,67,683,27,11,45,9,715,10,1,1063,63953,26,53,60,NA,67814,6002,8,6568,181,14,251,3,100,612,6,45657,0,732,0,9,8,646,0,8863,1140,75,38,10932,573906,298601,173,2,1259,56,17
"PER",233,227779,17,16,51,53,1278,419,258838,261390,398,0,2,41,31,1344441,35708,68,66,161,89,309799,0,27,42851,43583,78,2,53837,421350,1,260,77,72869,27,200,21,9,3,150,11346,3653,5083,432,626,1303,7930,49,17543,84477,2438,58512,399,35,26962,24,18,121,25,14,236073,33,166,144,170,12,55,66,3613,70,30,249,7310,94,92,79,67814,NA,3467,39,17188,240,31,210,23,129,877,32,15455,3,570,0,15,35,999,0,1299,1904,160,168,31433,913045,70059,977,6,4575,425,73
"PHL",10878,1730,46,318,161,9356,2254,38,62,18325,1193,75548,139,320,50,2504,1494849,2425,1943,789,1954,4564,121,205,1019,406,6985,840,1525,973,100,1170,2870,55746,1705,1883,49,65,6,4018,339,423,162,3448,389,321808,122736,91335,22890,127230,1218,937752,2769,88180,1972567,17940,209,16597,1458,1696,15511,180,7178,26108,2058,918,2087,116,710731,1149,20,12477,188,5120,34768,7993,6949,3467,NA,30343,61,225770,232,772067,2400,1259,1484854,111,106,50,696,0,440,1482,389865,0,2425,57665,1669,832,1507,1098775,1659,181569,209,16386,2318,208
"PNG",0,29,1,1,0,558,1,3,29,46,5,47,0,1,5,21,11686,2,12,9,7,64,0,0,17,2,37,0,1,11,0,42,12176,869,0,25,0,0,0,0,0,6,1,113,1,8752,4364,98,647,404,30,4247,106,160,2049,273,0,541,15,12,50,0,48,208,2,1,11,7,6488,4,0,87,7,113,1,45,13,47,29909,NA,1,140,2,28,5,2,28802,8,5,3,0,0,1,0,3136,0,34,126,64,25,1,14309,8,345,0,640,19,45
"PRY",1037,1564913,0,3,2,23,580,48,42593,491834,22,0,0,2,2,45956,2239,11,9,9,0,22227,0,0,2057,6877,6,0,14976,5530,0,20,3,5118,0,27,0,0,0,103,1548,34,578,52,133,20,575,6,1482,5675,324,1613,45,8,6131,1,2,14,12,3,36442,2,8,1,64,0,48,2,156,7,0,1531,590,6,1,9,5298,17792,118,1,NA,159,28,45,0,24,19,0,902,0,145,0,0,18,119,0,77,403,176,57,60594,81447,3712,15,0,494,7,9
"QAT",150,1380,75,72,125,134769,34,11,44,6756,63,277,0,211,10,264,32098,275,870,47,70,340,242,13,143,446,6822,3209,91,166,4033,13289,55,74978,115,2855,113,175,23,36,43,8,54,6260,19,48801,1059938,43979,1167,62319,98,17017,16630,963,15159,87,118,168896,60,9024,856,110,726,3374,1201,1806,741,95,32919,154,87,6659,28,216815,92880,151996,105,171,187040,57,155,NA,778,2011233,76763,760,15225,86,20,1434,7,4,125,85,69615,0,152,141952,7265,2853,169,111591,382,7040,9381,16843,187,358
"RWA",407,80,21357,1332,375,183,2,0,9,167,21,0,0,417,1804,11,8107,818,2297,1829,1358,47,83,13,73,3,113,150,19,42,89,9664,13,4788,748,2031,88,48,21,51,6,4,1,94,116,178,13667,71,1176,2662,5,1085,63861,40,1967,13,92,341,576,33,478,1327,34,16,742,115,497,692,247,231,460,6424,18,131,517,314,14,35,223,5,28,881,NA,602,847,836,301,223,2,101,6,4,648,310,449,0,47,2593,127215,562098,106,31770,0,62,0,9079,2411,1142
"SAU",166,629,852,4604,2009,739625,209,7,46,2401,88,6671,3,104,44,266,154285,2877,2163,114,315,1200,1424,4,191,430,11059,5915,75,2183,21578,205401,65,163989,512,4967,562,758,281,19,32,39,73,4770,5,1101340,3108740,616769,352,115288,323,23763,47164,1188,42820,50,51,218549,1105,22158,6938,12595,1482,1823,2055,7582,8290,630,386301,102,4218,139136,47,171888,146222,2858413,251,261,712044,29,45,2011233,652,NA,808848,5517,35996,142,37,13199,26,88,4629,607,48195,0,589,1120190,7433,4799,78,501126,1177,10132,230694,71230,1140,468
"SDN",504,26,582,128,402,3547,0,0,6,370,15,12,0,59,112,8,32791,423,529,397,198,26,272,9,3,4,401,1269,11,5,9763,112946,22,6163,72,1738,23,254,25,39,0,0,4,265,11,2718,26314,3839,19,7566,15,1424,15076,62,1408,1,115,2363,157,404,20,290,305,51,373,757,117,429,15000,242,554,14144,0,1059,13998,6978,0,30,2434,7,0,80251,812,943466,NA,958,261,141,3,1717,0,5,18722,107,4773,0,3,24916,3777,6250,13,22644,9,264,3830,4573,1357,937
"SEN",875,644,881,15251,25118,118,20,0,58,2198,19,0,0,221,1359,75,9588,49767,13026,2293,8206,111,329,17139,55,93,292,307,66,1130,26,3430,7,324129,15129,23346,50563,52057,23186,1087,28,1,13,137,267,828,4862,289,656,113319,23,1446,5298,88,1307,12,3758,188,1204,29,176,66210,205,45,1202,37730,495,342,600,292,12895,36544,23,92,169,448,91,147,1261,3,22,801,894,7151,996,NA,326,4350,39,51,14,1,5295,8967,1056,0,24,7773,1218,1615,184,43016,82,251,23,9561,948,707
"SGP",4340,2067,26,33,78,266962,333,17,72,26652,92,89824,1558,533,1,6306,3011433,1010,540,110,501,4860,6,35,352,219,2162,183,185,349,12,882,2895,143636,363,1446,47,49,23,270,143,25,236,6817,21,4857877,1531664,13429,25481,102314,215,1200867,3094,273712,737235,33128,28,183374,353,75045,16684,26,1562,455504,673,72,10518,117,14101831,621,28,3642,163,23844,7951,23862,684,925,1488533,27851,45,23200,312,35996,333,285,NA,35,100,10,124,2,31,81,3202101,0,372,45557,1588,598,255,659026,217,980526,107,38704,509,730
"SLE",425,10,29,446,145,140,9,0,8,120,4,0,0,56,16,6,2542,5567,279,80,108,17,0,35,17,8,20,1,6,3,1,573,6,2281,43,16271,1253,2042,72,18,4,0,0,56,1,133,2614,31,176,1506,2,85,1401,18,194,3,8739,20,19,0,110,256,42,6,52,23,14,91,106,58,109,23155,3,50,4,275,5,28,145,17,0,210,223,55,157,4429,39,NA,0,8,0,2,33,289,134,0,26,601,430,719,0,12462,0,59,3,2368,187,376
"SLV",6,2695,1,0,2,6,320,5371,1023,8916,179,0,0,3,1,4469,3249,26,2,2,1,41157,0,7,98164,7288,6,1,6939,9844,0,9,30,2359,0,8,4,1,0,6,1261652,104,362819,31,671,13,963,3,1447,7534,716,4325,34,6,1337,0,8,7,1,27,78039,13,3,1,12,3,0,0,206,4,0,25,183963,3,1,5,45657,15455,111,4,902,29,2,37,3,29,101,1,NA,0,92,0,3,0,63,0,660,142,13,17,773,712053,4096,37,0,159,4,5
"SOM",8,0,87,2,1,283,0,0,0,6,0,2,0,0,0,0,151,20,10,10,6,0,0,0,6,1,38,92084,0,2,0,8822,9,368,6,69,0,8,0,0,0,0,2,12,4,8,694,687,3,1229,6,12,80543,1,27,0,3,113,31,19,4,7,10,2,63,6,11,17,276,13,3,24,1,395,362,431,0,1,84,0,1,1160,140,10315,1600,66,8,1,0,NA,0,0,3,4,64,0,0,5545,250,3920,0,4219,0,0,205,349,122,108
"SUR",0,222,0,15,19,4,255,123,69,27589,2096,0,0,0,0,206,5349,16,3,0,0,3192,7,5,356,1523,6,0,3990,319,0,3,1,442,0,319,2,0,0,0,150,2067,35,80,1172,391,1044,4,133,897,2134,118,11,1,66,3,1,4,0,6,412,3,30,5,0,3,30,0,453,0,0,40,85,2,3,7,882,539,1046,0,145,18,4,25,0,4,117,0,89,0,NA,0,1,4,46,0,23620,324,145,77,83,45910,9505,92,1,198,3,9
"SWZ",7,0,1,0,1,9,0,0,0,3,0,0,0,13078,0,0,2659,1,2,2,1,2,0,0,0,3,1,0,0,0,0,26,0,30,0,10,0,0,0,0,0,0,0,0,0,0,5645,0,995,9,0,1,44,2,2428,0,0,1,4,0,0,0,0,1,204023,0,8,29,22,32,0,17,0,1,0,9,0,0,1,0,0,4,3,88,2,1,12,1,0,0,0,NA,0,0,1,0,0,3,8482,22,0,19828,0,0,0,1648255,76,84143
"TCD",123,10,290,2330,2302,76,0,0,1,104,0,1,0,29,436,7,12335,3699,46623,871,2324,68,3,27,0,16,14,86,5,2,6,2973,1,22247,2110,1015,365,29,41,589,1,0,1,39,24,155,1321,57,251,2131,1,36,1914,14,179,20,33,10,233,0,32,1772,50,1,58,443,79,15,159,37,3194,2873,0,11,63,216,10,20,403,2,0,154,661,4242,17776,5682,46,19,4,7,0,0,NA,2340,739,0,45,3595,371,623,6,4719,45,16,15,1650,141,80
"TGO",71,11,145,31471,23553,25,3,0,2,1399,2,0,0,39,718,9,3438,29736,6296,859,1875,16,7,119,4,25,5,69,8,13,11,1879,1,42271,13682,4167,2174,205,856,1810,0,4,0,165,64,64,2358,8,431,3702,14,97,741,3,128,6,165,32,152,0,73,5494,23,43,75,283,90,70,27,33,4190,86091,1,6,10,117,3,28,1545,1,18,82,308,532,119,9035,47,185,0,4,11,0,2286,NA,164,0,12,814,213,282,6,8369,20,40,1,1270,108,169
"THA",1822,11579,113,154,226,237724,97,41,87,48673,94,23738,31936,861,49,3826,8622890,980,2827,688,626,1472,36,23,479,283,3689,201,1492,321,76,15926,1898,505154,577,1521,342,74,11,372,158,23,67,5312,65,844751,1485736,97225,152477,271680,133,2358653,11135,977131,1826792,3551873,234,150337,6234,65912,4469,620,2412,1867634,4222,178,3316,505,4751122,839,109,7332,79,68084,100952,122924,665,1041,391648,2656,156,74747,450,48195,4212,969,3232894,150,55,101,46,2,480,221,NA,0,486,61869,3862,2663,751,924517,128,1172431,377,79546,1092,833
"TLS",0,0,0,0,0,0,0,0,0,0,0,0,0,0,0,0,6390,0,0,0,0,0,0,0,0,0,0,0,0,0,0,0,0,0,0,0,0,0,0,0,0,0,0,0,0,0,0,0,0,0,0,0,0,0,0,0,0,0,0,0,0,0,0,0,0,0,0,0,0,0,0,0,0,0,0,0,0,0,0,0,0,0,0,0,0,0,0,0,0,0,0,0,0,0,0,NA,0,0,0,0,0,1997,0,0,0,0,0,0
"TTO",485,1041,9,6,2,130,4969,884,448,7626,79508,24,0,72,0,598,5308,60,65,3,97,7322,2,1,2954,5687,42,2,7931,951,0,34,24,1642,72,247,0,8,1,228,1104,76324,438,506,1074,529,5417,7,646,1502,28657,801,98,1,900,1,8,45,2,57,7044,0,162,43,28,5,75,7,774,36,3,7259,314,9,59,121,8722,1264,2502,36,113,163,47,530,9,27,355,26,599,0,25761,1,44,9,480,0,NA,249,290,116,242,517667,38144,43,2,960,12,12
"TUR",1833,23735,273,1359,3845,15390,305,34,192,82777,184,461,6,460,140,18640,399724,5205,8597,5097,2489,23288,67,202,855,10872,1821683,3571,6372,1010,1157,16597,111,1018291,4126,7929,1637,789,169,721,340,48,216,62445,147,31110,145128,2159384,295384,942981,796,109502,19055,1314,248886,101,1156,6320,649,13035,36807,3225,31277,1112,2354,4632,2738,429,83602,1318,2835,32466,267,7259,34778,65220,1198,1945,57665,125,359,144183,3357,1120190,24139,7560,45557,554,130,4591,306,5,2646,993,62194,0,233,NA,10171,6410,1625,759537,5358,7517,26718,51797,1760,1112
"TZA",970,299,6567,451,410,1523,32,8,26,1098,35,2,10,5431,70,230,48484,1254,1726,2606,1411,557,8892,25,724,135,390,717,23,1968,277,20926,23,35078,493,3482,397,141,19,94,24,3,5,494,46,1144,66694,3000,15541,50214,49,5307,265047,889,5849,28,262,1454,1587,240,2502,1028,235,116,14670,68,2643,20577,3947,2066,129,15545,195,838,34038,8241,75,184,1623,65,176,9113,127215,7199,4011,1244,1618,430,19,207,145,8482,348,244,4679,0,290,10098,NA,133186,29,74009,23,1557,2188,137696,199527,57028
"UGA",1173,166,25610,544,568,2167,147,2,42,743,39,5,96,1651,641,30,32178,1593,1944,3841,543,241,386,15,148,48,262,1015,54,34,2178,20871,54,5930,374,4963,173,197,73,74,38,7,14,114,94,734,43299,694,3059,9276,45,3210,208965,323,3648,30,761,1348,736,53,391,937,149,98,2116,111,1447,3121,2074,975,421,9213,26,680,3147,3316,29,174,828,38,46,3837,562098,6834,6702,1645,545,658,20,3123,77,24,549,269,2655,0,116,6195,133186,NA,130,59188,12,429,262,39349,6923,5619
"URY",204,2449640,16,6,6,36,784,65,12176,696419,162,0,0,9,3,91073,4486,27,11,53,10,20007,4,13,4034,20720,32,4,23541,6509,1,35,29,17867,13,18,5,5,14,67,1833,45,703,409,196,2028,1597,71,6760,18487,1154,1034,136,21,1218,10,7,28,7,28,50423,17,53,69,78,4,31,2,143,24,11,99,811,17,21,39,6353,31433,1399,2,60594,216,77,102,5,121,224,5,807,0,82,0,8,5,714,0,246,2856,34,136,NA,151821,16949,359,2,974,37,50
"USA",28415,1076121,2464,6773,11406,144877,1794252,311751,153203,3220270,260810,5105,7886,39375,5115,495671,4677133,19799,31273,11989,5111,2050257,185,20333,1572081,249460,32660,9567,3928958,943132,8119,153896,75753,5374973,6904,102796,8754,8905,488,10458,774154,158418,562242,337456,664976,372136,2641689,176348,1282655,4198782,2264544,4791555,150417,220881,2532484,64592,18041,65969,6728,29583,43611548,10185,31877,75686,47212,4119,12160,12537,318352,26465,8092,494202,480569,72494,75495,266475,573524,917341,1025660,14309,80436,124175,31770,501126,20266,41095,659026,12520,708999,4709,46483,19828,4303,7140,924517,1997,518767,759537,74009,57543,156660,NA,691836,590333,10136,421095,42344,73569
"VEN",490,123008,0,17,4,62,542,100,9971,165091,2653,7,0,0,0,60878,51628,45,43,6,48,519815,0,4,40078,131435,94,0,174134,126670,0,59,6,16649,97,57,0,67,1,119,4071,6312,2317,183,1169,175,3199,1373,2588,77228,1260,5900,117,8,4325,5,0,39,6,4,142907,42,139,79,47,2,2,2,249,33,0,4543,13256,9,399,32,311653,70059,1659,18,3712,381,0,1228,3,56,243,0,4096,0,8988,0,55,28,97,0,38144,5358,19,15,16949,707378,NA,173,0,1623,10,0
"VNM",12389,547,400,27,49,6456,58,6,16,1833,15,11365,0,33,7,329,3941674,367,557,128,115,272,1,2,152,836,3461,9,47,95,11,375,592,176876,28,278,81,1,23,224,24,4,16,820,219,112405,64794,2013,7861,27986,23,856774,1115,1214866,1467214,1301946,10,11014,115,2517,986,72,506,53781,1701,14,631,79,721200,103,16,2620,24,2989,1287,2804,187,730,182595,341,13,12253,81,9594,222,211,988398,20,30,0,126,0,7,78,1194410,0,25,5930,1393,435,173,630694,161,NA,53,7884,93,86
"YEM",5,2,17,0,1,470,0,1,0,17,0,3,0,6,34,1,21979,19,29,9,26,1,245,0,0,35,32,4904,1,3,4637,12408,0,2793,13,20,0,0,0,0,0,0,0,12,0,10099,27268,590,7,866,1,100,5168,8,832,0,1,314,2,100,9,8,37,38,41,46,9,5,25871,0,3,87,0,76,52039,1394,1,5,359,0,0,8358,0,230694,3230,11,67,2,0,190,0,0,23,1,311,0,0,26718,2188,262,1,11384,1,29,NA,663,7,15
"ZAF",107416,9635,3697,3730,2261,13335,2095,102,343,56599,666,170,84,1112903,1251,5056,150142,10605,12281,48953,12977,3318,538,872,1548,4721,5944,1084,809,1501,1230,27190,451,126947,18172,49936,1946,876,124,2070,250,102,279,13025,107,25092,141176,5610,42495,110308,765,27695,120526,5396,31689,214,1991,6822,20133,4306,9938,8245,3264,1455,2245657,1042,182164,63093,27222,564378,778,163983,486,3365,8805,26966,1259,4575,15665,632,494,16729,9168,74179,4486,9896,38704,2775,159,473,212,1648255,1672,1280,80098,0,960,51797,137319,40123,903,421095,1623,8153,663,NA,255289,2645418
"ZMB",2691,112,805,158,201,293,22,2,19,812,12,0,0,10496,98,99,28036,772,644,2739,382,86,118,14,32,38,302,121,16,13,100,6204,18,4302,281,2698,39,72,8,109,9,19,10,86,14,420,29029,95,1410,4805,49,2038,28804,103,1924,16,147,423,855,51,128,417,84,26,5681,102,2467,20087,990,7817,108,5326,8,145,79,1248,64,518,3565,37,10,200,2472,1219,1294,961,484,162,11,155,1,70,125,119,1150,0,14,1700,199527,6920,38,42344,18,119,4,255289,NA,553086
"ZWE",3145,117,406,117,121,230,14,4,8,741,47,1,0,701414,46,18,10821,601,630,2711,530,61,66,20,23,218,1310,75,11,24,237,4840,28,8883,203,2491,36,98,18,196,3,3,5,78,15,290,8223,573,4079,4880,45,1217,16151,56,5766,9,336,119,722,47,1792,360,43,45,283975,45,2921,417138,2498,80903,59,11577,0,71,146,818,24,81,183,53,7,392,1231,489,938,706,799,381,5,127,8,84143,76,155,921,0,13,1323,57028,5619,23,73569,0,88,9,2645418,553086,NA
